id,source,type,expected,outcome,ok,max_score,final_score,final_band,alert,caution,trigger_s,alert_s,decision_ms,e2e_ms,stimulus,reasons,page,remote,call,duration_s,notes
digital_arrest,replay,scam,alert,alert,True,100,100,alert,True,True,13.497,14.216,719.0,2611.0,speech:authority,remote_tool:fakeremote screen:bank combo screen:otp_card call:authority,mock_bank_transfer.html,fake,hero_call.txt,130.0,"focus taken back from Antigravity IDE.exe x5, chrome.exe x1, explorer.exe x4"
fake_kyc,replay,scam,alert,alert,True,100,100,alert,True,True,33.046,33.691,645.0,2049.0,speech:urgency,screen:otp_card call:money_move call:secrecy call:threat call:urgency screen_tactic:authority,fake_kyc.html,none,kyc_call.txt,90.0,
tech_support_remote,replay,scam,alert,alert,True,100,100,alert,True,False,2.54,2.972,432.0,2054.0,page,remote_tool:fakeremote screen:fake_alert call:authority call:threat screen_tactic:authority screen_tactic:money_move,fake_defender_alert.html,fake,tech_support_call.txt,80.0,
fake_electricity,replay,scam,alert,alert,True,81,81,alert,True,True,29.053,29.574,521.0,2574.0,speech:urgency,screen:upi_payment screen_tactic:threat screen_tactic:urgency call:threat call:urgency,fake_electricity_bill.html,none,electricity_call.txt,70.0,"focus taken back from Antigravity IDE.exe x2, chrome.exe x2"
safe_account,replay,scam,alert,alert,True,100,100,alert,True,True,17.071,17.614,543.0,1781.0,speech:threat,screen:bank screen:otp_card call:authority call:money_move call:secrecy call:threat,mock_bank_transfer.html,none,safe_account_call.txt,85.0,"focus taken back from ShellHost.exe x9, explorer.exe x2"
courier_parcel,replay,scam,alert,alert,True,82,82,alert,True,True,69.05,69.639,589.0,658.0,speech:money_move,remote_tool:fakeremote call:authority call:money_move call:secrecy call:threat,,fake,courier_parcel_call.txt,85.0,
kyc_call_no_page,live,scam,caution,caution,True,65,65,caution,False,True,,,,,,call:authority call:money_move call:secrecy call:threat call:urgency,,none,kyc_call.txt,90.0,
tech_support_no_remote,replay,scam,alert,alert,True,100,100,alert,True,True,17.074,17.68,606.0,4071.0,speech:threat,screen:fake_alert call:authority call:money_move call:threat call:urgency screen_tactic:authority,fake_defender_alert.html,none,tech_support_call.txt,80.0,
upi_collect,live,scam,alert,alert,True,86,86,alert,True,True,29.052,29.72,668.5,1038.0,speech:money_move,screen:upi_payment screen:otp_card screen_tactic:money_move call:money_move call:urgency,upi_collect_request.html,none,upi_collect_call.txt,70.0,
hero_hinglish,replay,scam,alert,alert,True,100,100,alert,True,True,9.057,9.656,599.0,4283.0,speech:authority,remote_tool:fakeremote screen:bank combo screen:otp_card call:authority,mock_bank_transfer.html,fake,hero_hinglish.txt,95.0,
net_banking,replay,normal,quiet,quiet,True,45,45,quiet,False,False,,,,,,screen:bank screen:otp_card,mock_bank_transfer.html,none,,30.0,
it_help_anydesk,replay,normal,quiet,quiet,True,30,30,quiet,False,False,,,,,,remote_tool:fakeremote,,fake,normal_it_call.txt,90.0,"AnyDesk not installed: waitfor.exe stands in (fake remote tool, user process)"
news_article,replay,normal,quiet,quiet,True,0,0,quiet,False,False,,,,,,,news_article_scam.html,none,,30.0,focus taken back from Antigravity IDE.exe x1
news_audio,replay,normal,quiet,quiet,True,0,0,quiet,False,False,,,,,,,,none,news_clip.txt,75.0,
shopping_checkout,replay,normal,quiet,quiet,True,45,45,quiet,False,False,,,,,,screen:upi_payment screen:otp_card,shopping_checkout.html,none,,30.0,"focus taken back from WhatsApp.Root.exe x1, explorer.exe x1"
family_call_banking,replay,normal,quiet,quiet,True,45,45,quiet,False,False,,,,,,screen:bank screen:otp_card,mock_bank_transfer.html,none,family_call.txt,55.0,
work_call,replay,normal,quiet,quiet,True,0,0,quiet,False,False,,,,,,,,none,work_call.txt,55.0,
email,replay,normal,quiet,quiet,True,0,0,quiet,False,False,,,,,,,plain_email.html,none,,30.0,
news_audio_bank,live,normal,quiet,quiet,True,45,45,quiet,False,False,,,,,,screen:bank screen:otp_card,mock_bank_transfer.html,none,news_clip.txt,75.0,"3 live runs (row = worst): quiet 45, quiet 45, quiet 45"
anydesk_idle_bank,live,normal,caution,caution,True,69,69,caution,False,True,,,,,,remote_tool:fakeremote screen:bank screen:otp_card gate:no_tactic,mock_bank_transfer.html,fake,,30.0,"AnyDesk not installed: waitfor.exe stands in (fake remote tool, user process)"
